path,title,price
https://novamnm.com/product/blu-ray-look-out-officer-700-numbered/2038/?cate_no=122&display_group=1,"BLU-RAY / Look Out, Officer! (700 NUMBERED)",12.79
https://novamnm.com/product/kick-ass-steelbook-14-slip-ne23/1712/?cate_no=122&display_group=1,KICK-ASS STEELBOOK 1/4 SLIP (NE#23),17.89
https://novamnm.com/product/blu-ray-out-of-the-dark-700-numbered/2039/?cate_no=122&display_group=1,BLU-RAY / Out Of The Dark (700 NUMBERED),12.79
https://novamnm.com/product/insidious-steelbook-14-slip-ne22/1519/?cate_no=122&display_group=1,INSIDIOUS STEELBOOK 1/4 SLIP (NE#22),17.89
https://novamnm.com/product/blu-ray-rambo-last-blood-lenticular-full-slip-le-700-numbered/2021/?cate_no=122&display_group=1,BLU-RAY / Rambo: Last Blood LENTICULAR FULL SLIP LE (700 NUMBERED),15.79
https://novamnm.com/product/blu-ray-john-wick-full-slip-plain-edition/257/?cate_no=122&display_group=1,BLU-RAY / JOHN WICK - FULL SLIP (PLAIN EDITION),13.79
https://novamnm.com/product/kick-ass-steelbook-lenticular-full-slip-a-ne23/1714/?cate_no=122&display_group=1,KICK-ASS STEELBOOK LENTICULAR FULL SLIP A (NE#23),18.89
https://novamnm.com/product/blu-ray-rambo-last-blood-full-slip-le-700-numbered/2020/?cate_no=122&display_group=1,BLU-RAY / Rambo: Last Blood FULL SLIP LE (700 NUMBERED),14.79
https://novamnm.com/product/blu-ray-love-on-delivery-plain-edition/2186/?cate_no=122&display_group=1,BLU-RAY / Love On Delivery (Plain Edition),11.69
https://novamnm.com/product/blu-ray-whats-eating-gilbert-grape-bd/2129/?cate_no=122&display_group=1,BLU-RAY / What's Eating Gilbert Grape BD,13.79
https://novamnm.com/product/blu-ray-im-not-there-le-600-numbered/2025/?cate_no=122&display_group=1,BLU-RAY / I'm Not There  LE (600 NUMBERED),14.79
https://novamnm.com/product/blu-ray-killing-gunther-full-slip-plain-edition/1499/?cate_no=122&display_group=1,BLU-RAY / KILLING GUNTHER FULL SLIP (PLAIN EDITION),13.79
https://novamnm.com/product/blu-ray-return-of-the-one-armed-swordsman-full-slip/1550/?cate_no=122&display_group=1,BLU-RAY / Return Of The One-Armed Swordsman Full-slip,11.69
https://novamnm.com/product/blu-ray-mollys-game-full-slip-le-700-numbered/1609/?cate_no=122&display_group=1,BLU-RAY / Molly's Game FULL SLIP LE (700 NUMBERED),14.79
https://novamnm.com/product/blu-ray-the-hitmans-bodyguard-plain-edition/1469/?cate_no=122&display_group=1,BLU-RAY / THE HITMAN'S BODYGUARD (PLAIN EDITION),13.79
https://novamnm.com/product/alice-through-the-looking-glass-full-slip-nc14-200-numbered/739/?cate_no=122&display_group=1,ALICE THROUGH THE LOOKING GLASS FULL SLIP NC#14 (200 NUMBERED),25
https://novamnm.com/product/blu-ray-lara-croft-tomb-raider-iii-box-plain-edition/519/?cate_no=122&display_group=1,"BLU-RAY / LARA CROFT : TOMB RAIDER I,II BOX (PLAIN EDITION)",18.89
https://novamnm.com/product/blu-ray-good-will-hunting-full-slip/1039/?cate_no=122&display_group=1,BLU-RAY / GOOD WILL HUNTING Full Slip,16.29
https://novamnm.com/product/blu-ray-the-city-of-lost-children-plain-edition/534/?cate_no=122&display_group=1,BLU-RAY / THE CITY OF LOST CHILDREN (PLAIN EDITION),11.69
https://novamnm.com/product/blu-ray-saw-plain-edition/757/?cate_no=122&display_group=1,BLU-RAY / SAW PLAIN EDITION,11.69
https://novamnm.com/product/blu-ray-delicatessen-plain-edition/536/?cate_no=122&display_group=1,BLU-RAY / DELICATESSEN (PLAIN EDITION),11.69
https://novamnm.com/product/blu-ray-requiem-for-a-dream-full-slip-plain-edition/535/?cate_no=122&display_group=1,BLU-RAY / REQUIEM FOR A DREAM (FULL SLIP PLAIN EDITION),12.79
https://novamnm.com/product/blu-ray-escape-from-new-york-plain-edition/537/?cate_no=122&display_group=1,BLU-RAY / ESCAPE FROM NEW YORK (PLAIN EDITION),11.69
https://novamnm.com/product/blu-ray-o-brother-where-art-thou-plain-edition/843/?cate_no=122&display_group=1,"BLU-RAY / O BROTHER, WHERE ART THOU? (PLAIN EDITION)",13.79
https://novamnm.com/product/blu-ray-maries-story-full-slip/844/?cate_no=122&display_group=1,BLU-RAY / MARIE'S STORY FULL SLIP,14.79
https://novamnm.com/product/blu-ray-side-by-sideno-outcase/1113/?cate_no=122&display_group=1,BLU-RAY / SIDE BY SIDE(no outcase),11.69
https://novamnm.com/product/blu-ray-pat-mat-movie/916/?cate_no=122&display_group=1,BLU-RAY / PAT & MAT MOVIE,13.79
https://novamnm.com/product/blu-ray-redoubtable-500-numbered/2114/?cate_no=122&display_group=1,BLU-RAY / Redoubtable (500 numbered),17.89
https://novamnm.com/product/blu-ray-tess-remastered-plain-edition/1114/?cate_no=122&display_group=1,BLU-RAY / TESS REMASTERED (PLAIN EDITION),12.79
https://novamnm.com/product/blu-ray-beautiful-boy-fullslip-limited-edition-700-copies-numbered/2110/?cate_no=122&display_group=1,BLU-RAY /  Beautiful Boy Fullslip Limited Edition (700 copies Numbered),17.89
https://novamnm.com/product/blu-ray-guzaarish-full-slip/1127/?cate_no=122&display_group=1,BLU-RAY / GUZAARISH FULL SLIP,14.29
https://novamnm.com/product/blu-ray-red-sonja-plain-edition/1153/?cate_no=122&display_group=1,BLU-RAY / RED SONJA (PLAIN EDITION),12.79
https://novamnm.com/product/blu-ray-indochine-full-slip-le/1227/?cate_no=122&display_group=1,BLU-RAY / INDOCHINE FULL SLIP LE,14.79
https://novamnm.com/product/blu-ray-the-children-act-limited-edition-700-copies-numbered/2113/?cate_no=122&display_group=1,BLU-RAY / The Children Act Limited Edition (700 copies Numbered),17.89
https://novamnm.com/product/blu-ray-the-last-full-measure-fs-1-disc-700-numbered/2105/?cate_no=122&display_group=1,"BLU-RAY / The Last Full Measure FS (1 Disc, 700 numbered)",17.89
https://novamnm.com/product/blu-ray-life-is-beautiful-full-slip/2131/?cate_no=122&display_group=1,BLU-RAY / LIFE IS BEAUTIFUL Full Slip,16.29
https://novamnm.com/product/blu-ray-revivre-700-copies-limited-edition-scanavo-keepcase-36p-photob/327/?cate_no=122&display_group=1,BLU-RAY / REVIVRE 700 COPIES LIMITED EDITION (SCANAVO KEEPCASE +36P PHOTOBOOK),14.79
https://novamnm.com/product/blu-ray-bad-genius-full-slip/1231/?cate_no=122&display_group=1,BLU-RAY / BAD GENIUS FULL SLIP,14.79
https://novamnm.com/product/blu-ray-like-a-virgin/2579/?cate_no=122&display_group=1,BLU-RAY / Like A Virgin,17.29
https://novamnm.com/product/blu-ray-killer-toon/2581/?cate_no=122&display_group=1,BLU-RAY / Killer Toon,17.29
https://novamnm.com/product/blu-ray-blood-and-ties/2582/?cate_no=122&display_group=1,BLU-RAY / Blood and Ties,17.29
https://novamnm.com/product/blu-ray-dancing-queen/2583/?cate_no=122&display_group=1,BLU-RAY / Dancing Queen,17.29
https://novamnm.com/product/blu-ray-quick/2585/?cate_no=122&display_group=1,BLU-RAY / Quick,17.29
https://novamnm.com/product/blu-ray-way-back-home/2584/?cate_no=122&display_group=1,BLU-RAY / Way Back Home,17.29
https://novamnm.com/product/blu-ray-woman-in-gold-plain-edition/1023/?cate_no=122&display_group=1,BLU-RAY / WOMAN IN GOLD (plain edition),14.79
https://novamnm.com/product/blu-ray-library-wars-plain-edition/262/?cate_no=122&display_group=1,BLU-RAY / LIBRARY WARS (plain edition),14.79
https://novamnm.com/product/blu-ray-transporter-3-plain-edition/2548/?cate_no=122&display_group=1,BLU-RAY /  Transporter 3 (Plain edition),13.79
https://novamnm.com/product/blu-ray-happy-life/2580/?cate_no=122&display_group=1,BLU-RAY / Happy Life,17.29
https://novamnm.com/product/blu-ray-secret-window/1886/?cate_no=122&display_group=1,BLU-RAY / Secret Window,16.29
https://novamnm.com/product/blu-ray-parental-guidance-plain-edition/2549/?cate_no=122&display_group=1,BLU-RAY / Parental Guidance (Plain edition),9.19
https://novamnm.com/product/blu-ray-horsemen-plain-edition/2550/?cate_no=122&display_group=1,BLU-RAY / Horsemen (Plain edition),7.09
https://novamnm.com/product/blu-ray-the-sitter-plain-edition/2551/?cate_no=122&display_group=1,BLU-RAY / The Sitter (Plain edition),7.09
https://novamnm.com/product/blu-ray-digimon-adventure-tri-vol-2-determination-plain-edition/2552/?cate_no=122&display_group=1,BLU-RAY / Digimon Adventure Tri Vol 2 ‘Determination (Plain edition),15.79
https://novamnm.com/product/blu-ray-kingsman-the-secret-service-plain-edition/2553/?cate_no=122&display_group=1,BLU-RAY / Kingsman : The Secret Service (Plain edition),14.79
https://novamnm.com/product/blu-ray-confessions/1913/?cate_no=122&display_group=1,BLU-RAY /   Confessions,14.79
https://novamnm.com/product/blu-ray-lovely-bones-no-slipcase/2187/?cate_no=122&display_group=1,BLU-RAY / Lovely Bones (no slipcase),16.79
https://novamnm.com/product/blu-ray-let-me-in/1914/?cate_no=122&display_group=1,BLU-RAY /  Let Me In,14.79
https://novamnm.com/product/blu-ray-the-intouchables-plain-edition/372/?cate_no=122&display_group=1,BLU-RAY / THE INTOUCHABLES PLAIN EDITION,13.79
https://novamnm.com/product/blu-ray-little-fockers-no-slipcase/2188/?cate_no=122&display_group=1,BLU-RAY /  Little Fockers (no slipcase),15.79
https://novamnm.com/product/blu-ray-paranormal-activity-2-no-slipcase/2189/?cate_no=122&display_group=1,BLU-RAY /  Paranormal Activity 2 (no slipcase),15.79
https://novamnm.com/product/blu-ray-original-sin-plain-edition/1241/?cate_no=122&display_group=1,BLU-RAY / ORIGINAL SIN (PLAIN EDITION),15.29
https://novamnm.com/product/blu-ray-the-sense-of-an-ending-slipcase-first-edition-only/1232/?cate_no=122&display_group=1,"BLU-RAY / THE SENSE OF AN ENDING (slipcase, first edition only)",14.79
https://novamnm.com/product/blu-ray-buena-vista-social-club-plain-edition/1243/?cate_no=122&display_group=1,BLU-RAY / BUENA VISTA SOCIAL CLUB (PLAIN EDITION),13.79
https://novamnm.com/product/blu-ray-sakuran/1910/?cate_no=122&display_group=1,BLU-RAY /  Sakuran,12.79
https://novamnm.com/product/blu-ray-frances-ha-plain-edition/1417/?cate_no=122&display_group=1,BLU-RAY / FRANCES HA (PLAIN EDITION),13.79
https://novamnm.com/product/blu-ray-new-police-story-le-700-numbered/1001/?cate_no=122&display_group=1,BLU-RAY / NEW POLICE STORY LE (700 NUMBERED),15.29
https://novamnm.com/product/blu-ray-lets-play-dharma-700-copies-limited-edition-scanavo-keepcase-3/279/?cate_no=122&display_group=1,BLU-RAY / LET'S PLAY DHARMA 700 COPIES LIMITED EDITION (SCANAVO KEEPCASE +36P PHOTOBOOK),17.89
https://novamnm.com/product/blu-ray-who-are-u-le/1602/?cate_no=122&display_group=1,BLU-RAY / WHO ARE U? LE,17.89
https://novamnm.com/product/blu-ray-city-of-god-plain-edition/2401/?cate_no=122&display_group=1,BLU-RAY / CITY OF GOD (PLAIN EDITION),18.89
https://novamnm.com/product/blu-ray-mr-magoriums-wonder-emporium-777-copies-limited-edition-scanav/350/?cate_no=122&display_group=1,BLU-RAY / MR. MAGORIUM'S WONDER EMPORIUM 777 COPIES LIMITED EDITION (SCANAVO KEEPCASE +36P PHOTOBOOK),15.79
https://novamnm.com/product/blu-ray-the-journalist-first-release-limited-edition/2146/?cate_no=122&display_group=1,BLU-RAY / The Journalist First release limited edition,14.79
https://novamnm.com/product/blu-ray-one-way-trip-2disc/1005/?cate_no=122&display_group=1,BLU-RAY / ONE WAY TRIP (2Disc),18.89
https://novamnm.com/product/blu-ray-good-bye-lenin-plain-edition/2183/?cate_no=122&display_group=1,"BLU-RAY / Good Bye, Lenin! (Plain Edition)",13.79
https://novamnm.com/product/blu-ray-the-himalayas-2-disc/590/?cate_no=122&display_group=1,BLU-RAY / THE HIMALAYAS (2 Disc),18.89
https://novamnm.com/product/blu-ray-1987-2-disc/1603/?cate_no=122&display_group=1,BLU-RAY / 1987 (2 DISC),18.89
https://novamnm.com/product/blu-ray-veteran-2-disc/474/?cate_no=122&display_group=1,BLU-RAY / VETERAN (2 Disc),18.89
https://novamnm.com/product/blu-ray-the-world-of-us-2disc/1569/?cate_no=122&display_group=1,BLU-RAY / The World of Us (2DISC),18.89
https://novamnm.com/product/blu-ray-deranged/2578/?cate_no=122&display_group=1,BLU-RAY / Deranged,17.29
https://novamnm.com/product/blu-ray-the-white-ribbon-plain-edition/1242/?cate_no=122&display_group=1,BLU-RAY / THE WHITE RIBBON (PLAIN EDITION),14.79
https://novamnm.com/product/blu-ray-factory-complex-2-disc/1628/?cate_no=122&display_group=1,BLU-RAY / FACTORY COMPLEX (2 Disc),18.89
https://novamnm.com/product/blu-ray-a-moment-of-romance/1742/?cate_no=122&display_group=1,BLU-RAY / A MOMENT OF ROMANCE,17.89
https://novamnm.com/product/blu-ray-the-power-of-kang-won-province-plain-edition/1089/?cate_no=122&display_group=1,BLU-RAY / THE POWER OF KANG-WON PROVINCE (Plain edition),12.79
https://novamnm.com/product/blu-ray-the-presidents-last-bang-plain-edition/1752/?cate_no=122&display_group=1,BLU-RAY / THE PRESIDENT'S LAST BANG (PLAIN EDITION),17.89
https://novamnm.com/product/blu-ray-ditto-plain-edition/244/?cate_no=122&display_group=1,BLU-RAY / DITTO PLAIN EDITION,15.29
https://novamnm.com/product/blu-ray-love-me-once-again-hd-remastering/1090/?cate_no=122&display_group=1,BLU-RAY / LOVE ME ONCE AGAIN (HD REMASTERING),16.79
https://novamnm.com/product/blu-ray-blue-jasmine/365/?cate_no=122&display_group=1,BLU-RAY / BLUE JASMINE,15.29
https://novamnm.com/product/blu-ray-pk-1-disc/971/?cate_no=122&display_group=1,BLU-RAY / PK (1 DISC),16.29
https://novamnm.com/product/blu-ray-magic-in-the-moonlight/363/?cate_no=122&display_group=1,BLU-RAY / MAGIC IN THE MOONLIGHT,15.29
https://novamnm.com/product/blu-ray-bagdad-cafe-aka-out-of-rosenheim-directors-cut-le/483/?cate_no=122&display_group=1,BLU-RAY / BAGDAD CAFE (a.k.a. OUT OF ROSENHEIM DIRECTOR'S CUT) LE,17.29
https://novamnm.com/product/blu-ray-shaun-the-sheep-movie/375/?cate_no=122&display_group=1,BLU-RAY / SHAUN THE SHEEP MOVIE,16.29
https://novamnm.com/product/blu-ray-lone-survivor-plain-edition/1177/?cate_no=122&display_group=1,BLU-RAY / LONE SURVIVOR (PLAIN EDITION),16.29
https://novamnm.com/product/blu-ray-unforgettable-16p-booklet/684/?cate_no=122&display_group=1,BLU-RAY / UNFORGETTABLE (16P BOOKLET),14.79
https://novamnm.com/product/blu-ray-a-man-called-ove-16p-booklet/683/?cate_no=122&display_group=1,BLU-RAY / A MAN CALLED OVE (16P BOOKLET),14.79
https://novamnm.com/product/blu-ray-their-distance-lenticular-full-slip-le/1280/?cate_no=122&display_group=1,BLU-RAY / THEIR DISTANCE LENTICULAR FULL SLIP LE,16.79
https://novamnm.com/product/blu-ray-the-spy-who-dumped-me/1565/?cate_no=122&display_group=1,BLU-RAY / The Spy Who Dumped Me,14.79
https://novamnm.com/product/blu-ray-robin-hood/1676/?cate_no=122&display_group=1,BLU-RAY / ROBIN HOOD,14.79
https://novamnm.com/product/blu-ray-vitreous-flower-destroy-the-world-plain-edition/659/?cate_no=122&display_group=1,BLU-RAY / VITREOUS FLOWER DESTROY THE WORLD (PLAIN EDITION),13.79
https://novamnm.com/product/blu-ray-there-will-be-blood-plain-edition/1115/?cate_no=122&display_group=1,BLU-RAY / THERE WILL BE BLOOD (PLAIN EDITION),12.79
https://novamnm.com/product/blu-ray-nuovo-cinema-paradiso-plain-edition-directors-cut-theatrical/702/?cate_no=122&display_group=1,BLU-RAY / NUOVO CINEMA PARADISO PLAIN EDITION (DIRECTOR'S CUT + THEATRICAL ),18.89
https://novamnm.com/product/blu-ray-universal-soldier-1992/1118/?cate_no=122&display_group=1,BLU-RAY / UNIVERSAL SOLDIER (1992),12.79
https://novamnm.com/product/blu-ray-malena-uncut-edition-plain-edition/1266/?cate_no=122&display_group=1,BLU-RAY / MALENA UNCUT EDITION (PLAIN EDITION),14.79
https://novamnm.com/product/blu-ray-the-aviator/1675/?cate_no=122&display_group=1,BLU-RAY / THE AVIATOR,16.29
https://novamnm.com/product/blu-ray-the-neverending-story-full-slip/1558/?cate_no=122&display_group=1,BLU-RAY / The NeverEnding Story FULL SLIP,16.29
https://novamnm.com/product/blu-ray-a-river-runs-through-it-remastering/1830/?cate_no=122&display_group=1,BLU-RAY / A River Runs Through It Remastering,16.29
https://novamnm.com/product/blu-ray-shaolin-soccer/1873/?cate_no=122&display_group=1,BLU-RAY / Shaolin Soccer,16.29
https://novamnm.com/product/blu-ray-the-lover-remastering/1842/?cate_no=122&display_group=1,BLU-RAY / The Lover Remastering,16.29
https://novamnm.com/product/blu-ray-fighter-in-the-wind-plain-edition/1086/?cate_no=122&display_group=1,BLU-RAY / FIGHTER IN THE WIND (PLAIN EDITION),15.29
https://novamnm.com/product/blu-ray-oasis-plain-edition/1087/?cate_no=122&display_group=1,BLU-RAY / OASIS (PLAIN EDITION),15.29
https://novamnm.com/product/blu-ray-singles-2003-plain-edition/1168/?cate_no=122&display_group=1,BLU-RAY / SINGLES 2003 (PLAIN EDITION),12.79
https://novamnm.com/product/blu-ray-my-mother-the-mermaid-plain-edition/1167/?cate_no=122&display_group=1,"BLU-RAY / MY MOTHER, THE MERMAID (PLAIN EDITION)",12.79
https://novamnm.com/product/blu-ray-cube-plain-edition/1091/?cate_no=122&display_group=1,BLU-RAY / CUBE (PLAIN EDITION),14.29
https://novamnm.com/product/blu-ray-the-concert-plain-edition/1428/?cate_no=122&display_group=1,BLU-RAY / THE CONCERT (PLAIN EDITION),14.29
https://novamnm.com/product/blu-ray-flash-point/1097/?cate_no=122&display_group=1,BLU-RAY / FLASH POINT,14.79
https://novamnm.com/product/blu-ray-running-scared-plain-edition/1199/?cate_no=122&display_group=1,BLU-RAY / RUNNING SCARED (PLAIN EDITION),14.29
https://novamnm.com/product/blu-ray-joyeux-noel-aka-merry-christmas/1096/?cate_no=122&display_group=1,BLU-RAY / JOYEUX NOEL (A.K.A. MERRY CHRISTMAS),15.29
https://novamnm.com/product/blu-ray-before-midnight-plain-edition/1737/?cate_no=122&display_group=1,BLU-RAY / BEFORE MIDNIGHT (PLAIN EDITION),15.79
https://novamnm.com/product/blu-ray-spl-aka-saat-po-long/1098/?cate_no=122&display_group=1,BLU-RAY / SPL (A.K.A. SAAT PO LONG),14.79
https://novamnm.com/product/blu-ray-suspiria-plain-edition/1094/?cate_no=122&display_group=1,BLU-RAY / SUSPIRIA (PLAIN EDITION),15.29
https://novamnm.com/product/blu-ray-before-the-devil-knows-youre-dead-plain-edition/1753/?cate_no=122&display_group=1,BLU-RAY / Before The Devil Knows You're Dead (plain edition),14.79
https://novamnm.com/product/blu-ray-the-legend-of-1900-plain-edition/1092/?cate_no=122&display_group=1,BLU-RAY / THE LEGEND OF 1900 (PLAIN EDITION),15.29
https://novamnm.com/product/blu-ray-the-piano-plain-edition/1093/?cate_no=122&display_group=1,BLU-RAY / THE PIANO (PLAIN EDITION),15.29
https://novamnm.com/product/blu-ray-brotherhood-of-the-wolf-plain-edition/1923/?cate_no=122&display_group=1,BLU-RAY / Brotherhood Of The Wolf (plain edition),12.79
https://novamnm.com/product/blu-ray-i-girasoli-aka-sunflower/1095/?cate_no=122&display_group=1,BLU-RAY / I GIRASOLI (A.K.A. SUNFLOWER),15.79
https://novamnm.com/product/blu-ray-august-osage-county-no-out-case/1925/?cate_no=122&display_group=1,BLU-RAY /  August: Osage County (no out case),15.29
https://novamnm.com/product/blu-ray-suspect-x-plain-edition/1200/?cate_no=122&display_group=1,BLU-RAY / SUSPECT X (PLAIN EDITION),14.79
https://novamnm.com/product/blu-ray-azur-and-asmar/1924/?cate_no=122&display_group=1,BLU-RAY / Azur And Asmar,14.29
https://novamnm.com/product/blu-ray-the-usual-suspects-plain-edition/1926/?cate_no=122&display_group=1,BLU-RAY /  The Usual Suspects (plain edition),12.79
https://novamnm.com/product/blu-ray-virgin-stripped-bare-by-her-bachelors-plain-edition/1928/?cate_no=122&display_group=1,BLU-RAY / Virgin Stripped Bare By Her Bachelors (Plain edition),12.79
https://novamnm.com/product/blu-ray-the-flowers-of-war-plain-edition/1198/?cate_no=122&display_group=1,BLU-RAY / THE FLOWERS OF WAR (PLAIN EDITION),14.79
https://novamnm.com/product/blu-ray-lesson-of-the-evil/362/?cate_no=122&display_group=1,BLU-RAY / LESSON OF THE EVIL,14.79
https://novamnm.com/product/blu-ray-monster-plain-edition/1929/?cate_no=122&display_group=1,BLU-RAY / Monster (plain edition),12.79
https://novamnm.com/product/blu-ray-ran/1917/?cate_no=122&display_group=1,BLU-RAY / Ran,15.29
https://novamnm.com/product/blu-ray-while-were-young/266/?cate_no=122&display_group=1,BLU-RAY / WHILE WE'RE YOUNG,15.79
https://novamnm.com/product/blu-ray-the-disappearance-of-eleanor-rigby-them/265/?cate_no=122&display_group=1,BLU-RAY / THE DISAPPEARANCE OF ELEANOR RIGBY: THEM,15.79
https://novamnm.com/product/blu-ray-sin-city-a-dame-to-kill-for-plain-edition/201/?cate_no=122&display_group=1,BLU-RAY / SIN CITY: A DAME TO KILL FOR PLAIN EDITION,15.29
https://novamnm.com/product/blu-ray-all-the-mornings-of-the-world-full-slip/1559/?cate_no=122&display_group=1,BLU-RAY / All the Mornings of the World FULL SLIP,16.29
https://novamnm.com/product/blu-ray-demolition-1-disc/872/?cate_no=122&display_group=1,BLU-RAY / DEMOLITION (1 DISC),16.29
https://novamnm.com/product/blu-ray-bridge-to-terabithia/1707/?cate_no=122&display_group=1,BLU-RAY / Bridge to Terabithia,16.29
https://novamnm.com/product/blu-ray-robert-downey-jr-chaplin/340/?cate_no=122&display_group=1,BLU-RAY / ROBERT DOWNEY JR. - CHAPLIN,12.79
https://novamnm.com/product/blu-ray-the-perks-of-being-a-wallflower-full-slip-plain-edition/216/?cate_no=122&display_group=1,BLU-RAY / THE PERKS OF BEING A WALLFLOWER - FULL SLIP (PLAIN EDITION),13.79
https://novamnm.com/product/blu-ray-the-brothers-grimm-500-copies-numbered/215/?cate_no=122&display_group=1,BLU-RAY / THE BROTHERS GRIMM (500 COPIES NUMBERED),13.79
https://novamnm.com/product/blu-ray-van-helsing-plain-edition/346/?cate_no=122&display_group=1,BLU-RAY / VAN HELSING (PLAIN EDITION),15.79
https://novamnm.com/product/blu-ray-hector-and-the-search-for-happiness-plain-edition/347/?cate_no=122&display_group=1,BLU-RAY / HECTOR AND THE SEARCH FOR HAPPINESS (PLAIN EDITION),12.79
https://novamnm.com/product/blu-ray-red-heat/371/?cate_no=122&display_group=1,BLU-RAY / RED HEAT,13.79
https://novamnm.com/product/blu-ray-gone-baby-gone/374/?cate_no=122&display_group=1,BLU-RAY / GONE BABY GONE,13.79
https://novamnm.com/product/blu-ray-the-new-one-armed-swordsman-full-slip/1551/?cate_no=122&display_group=1,BLU-RAY / The New One-Armed Swordsman Full-slip,11.69
https://novamnm.com/product/blu-ray-miss-baek-full-slip-le-1000-numbered/1635/?cate_no=122&display_group=1,BLU-RAY / MISS BAEK FULL SLIP LE (1000 NUMBERED),14.79
https://novamnm.com/product/blu-ray-terminator-2-judgment-day-full-slip-plain-edition/187/?cate_no=122&display_group=1,BLU-RAY / TERMINATOR 2: JUDGMENT DAY - FULL SLIP (PLAIN EDITION),13.79
https://novamnm.com/product/the-jungle-book-nc11-lenti-slip-limited-300-copies/639/?cate_no=122&display_group=1,THE JUNGLE BOOK NC#11 LENTI SLIP (LIMITED 300 COPIES),25
https://novamnm.com/product/blu-ray-the-princess-and-the-matchmaker-plain-edition/1495/?cate_no=122&display_group=1,BLU-RAY / THE PRINCESS AND THE MATCHMAKER (PLAIN EDITION),13.79
https://novamnm.com/product/blu-ray-police-story-4k-remastered/1604/?cate_no=122&display_group=1,BLU-RAY / POLICE STORY 4K REMASTERED,11.69
https://novamnm.com/product/the-jungle-book-nc11-full-slip-b-limited-200-copies/638/?cate_no=122&display_group=1,THE JUNGLE BOOK NC#11 FULL SLIP-B (LIMITED 200 COPIES),25
https://novamnm.com/product/blu-ray-miss-baek-lenticular-full-slip-le-1000-numbered/1636/?cate_no=122&display_group=1,BLU-RAY / MISS BAEK LENTICULAR FULL SLIP LE (1000 NUMBERED),15.79
https://novamnm.com/product/blu-ray-police-story-2-4k-remastered/1605/?cate_no=122&display_group=1,BLU-RAY / POLICE STORY 2 4K REMASTERED,11.69
https://novamnm.com/product/blu-ray-sex-is-zero-full-slip-le-700-numbered/1740/?cate_no=122&display_group=1,BLU-RAY / SEX IS ZERO FULL SLIP LE (700 NUMBERED),14.79
https://novamnm.com/product/blu-ray-bullet-in-the-head-plain-edition/1619/?cate_no=122&display_group=1,BLU-RAY / BULLET IN THE HEAD (PLAIN EDITION),11.69
https://novamnm.com/product/the-jungle-book-nc11-full-slip-a-limited-200-copies/637/?cate_no=122&display_group=1,THE JUNGLE BOOK NC#11 FULL SLIP-A (LIMITED 200 COPIES),25
https://novamnm.com/product/blu-ray-my-boss-my-hero-full-slip-le-700-numbered/1771/?cate_no=122&display_group=1,"BLU-RAY / MY BOSS, MY HERO FULL SLIP LE (700 NUMBERED)",14.79
https://novamnm.com/product/blu-ray-suddenly-seventeen/1734/?cate_no=122&display_group=1,BLU-RAY / SUDDENLY SEVENTEEN,15.79
https://novamnm.com/product/blu-ray-green-book-plain-edition/1783/?cate_no=122&display_group=1,BLU-RAY / GREEN BOOK (PLAIN EDITION),13.79
https://novamnm.com/product/once-steelbook-14-slip-ne19/1314/?cate_no=122&display_group=1,ONCE STEELBOOK 1/4 SLIP (NE#19),17.29
https://novamnm.com/product/blu-ray-golden-harvest-001-god-of-gamblers-plain-edition/1618/?cate_no=122&display_group=1,BLU-RAY / GOLDEN HARVEST #001 GOD OF GAMBLERS (PLAIN EDITION),11.69
https://novamnm.com/product/once-steelbook-full-slip-b-ne19/1316/?cate_no=122&display_group=1,ONCE STEELBOOK FULL SLIP B (NE#19),18.89
https://novamnm.com/product/blu-ray-long-shot-full-slip-le-700-numbered/1840/?cate_no=122&display_group=1,BLU-RAY / Long Shot FULL SLIP LE (700 NUMBERED),14.79
https://novamnm.com/product/blu-ray-hero-directors-cut/1747/?cate_no=122&display_group=1,BLU-RAY / HERO DIRECTOR'S CUT,13.79
https://novamnm.com/product/blu-ray-along-with-the-gods-the-two-worlds-full-slip-le-2000-numbered/1659/?cate_no=122&display_group=1,"BLU-RAY / ALONG WITH THE GODS ; THE TWO WORLDS FULL SLIP LE (2,000 NUMBERED)",14.79
https://novamnm.com/product/blu-ray-golden-garvest-011-hail-the-judge-777-numbered/1678/?cate_no=122&display_group=1,BLU-RAY / GOLDEN GARVEST #011 HAIL THE JUDGE (777 NUMBERED),12.19
https://novamnm.com/product/blu-ray-mulholland-dr-full-slip/209/?cate_no=122&display_group=1,BLU-RAY / MULHOLLAND DR. (FULL-SLIP),13.79
https://novamnm.com/product/blu-ray-valerian-and-the-city-of-a-thousand-planets-2d3d-double-pack-1/1217/?cate_no=122&display_group=1,"BLU-RAY / VALERIAN AND THE CITY OF A THOUSAND PLANETS 2D+3D DOUBLE PACK (1,000 NUMBERED)",21.39
https://novamnm.com/product/blu-ray-battle-creek-brawl-photo-card-6ea-777-numbered/1130/?cate_no=122&display_group=1,BLU-RAY / BATTLE CREEK BRAWL (PHOTO CARD 6EA + 777 NUMBERED),12.19
https://novamnm.com/product/blu-ray-touch-of-zen-full-slip-uncut-4k-remastered-700-numbered-16p-bo/627/?cate_no=122&display_group=1,BLU-RAY / TOUCH OF ZEN FULL SLIP UNCUT 4K REMASTERED 700 NUMBERED (16P BOOKLET + POST CARD 4EA),15.29
https://novamnm.com/product/blu-ray-april-snow-plain-edition/1081/?cate_no=122&display_group=1,BLU-RAY / APRIL SNOW (PLAIN EDITION),8.69
https://novamnm.com/product/blu-ray-the-hand-of-death-photo-card-4ea-777-numbered/1131/?cate_no=122&display_group=1,BLU-RAY / THE HAND OF DEATH (PHOTO CARD 4EA + 777 NUMBERED),12.19
https://novamnm.com/product/blu-ray-confucius-directors-cut-full-slip-500-numbered/730/?cate_no=122&display_group=1,BLU-RAY / CONFUCIUS DIRECTOR'S CUT FULL SLIP (500 NUMBERED),13.79
https://novamnm.com/product/blu-ray-joint-security-area-plain-edition/1128/?cate_no=122&display_group=1,BLU-RAY / JOINT SECURITY AREA (PLAIN EDITION),13.79
https://novamnm.com/product/blu-ray-golden-harvest-009-handsome-siblings-777-numbered/1163/?cate_no=122&display_group=1,BLU-RAY / GOLDEN HARVEST #009 HANDSOME SIBLINGS (777 NUMBERED),12.19
https://novamnm.com/product/blu-ray-the-isle-plain-edition/1129/?cate_no=122&display_group=1,BLU-RAY / THE ISLE (PLAIN EDITION),8.69
https://novamnm.com/product/blu-ray-ong-bak-muay-thai-warrior/915/?cate_no=122&display_group=1,BLU-RAY / ONG-BAK : MUAY THAI WARRIOR,14.79
https://novamnm.com/product/blu-ray-city-on-fire-photo-card-6ea-777-numbered/1303/?cate_no=122&display_group=1,BLU-RAY / CITY ON FIRE (PHOTO CARD 6EA + 777 NUMBERED),12.19
https://novamnm.com/product/blu-ray-the-contact-plain-edition/1244/?cate_no=122&display_group=1,BLU-RAY / THE CONTACT (PLAIN EDITION),8.69
https://novamnm.com/product/blu-ray-once-upon-a-time-in-china-and-america-photo-card-6ea-777-numbe/1304/?cate_no=122&display_group=1,BLU-RAY / ONCE UPON A TIME IN CHINA AND AMERICA (PHOTO CARD 6EA + 777 NUMBERED),12.19
https://novamnm.com/product/blu-ray-ip-man-2-lenticular-full-slip-le-700-numbered/1339/?cate_no=122&display_group=1,BLU-RAY / IP MAN 2 LENTICULAR FULL SLIP LE (700 NUMBERED),14.79
https://novamnm.com/product/blu-ray-golden-harvest-002-the-kung-fu-cult-master-plain-edition/1334/?cate_no=122&display_group=1,BLU-RAY / GOLDEN HARVEST #002 THE KUNG-FU CULT MASTER (PLAIN EDITION),11.69
https://novamnm.com/product/blu-ray-lucky-stars-series-plain-edition/1337/?cate_no=122&display_group=1,BLU-RAY / LUCKY STARS SERIES (PLAIN EDITION),28.09
https://novamnm.com/product/blu-ray-love-letter-plain-edition/1375/?cate_no=122&display_group=1,BLU-RAY / LOVE LETTER (PLAIN EDITION),13.79
https://novamnm.com/product/blu-ray-defiance-le-700-numbered/1993/?cate_no=122&display_group=1,BLU-RAY / Defiance  LE (700 NUMBERED),14.79
https://novamnm.com/product/blu-ray-hana-alice-plain-edition/1376/?cate_no=122&display_group=1,BLU-RAY / HANA & ALICE (PLAIN EDITION),13.79
https://novamnm.com/product/blu-ray-the-painted-veil-le-700-numbered/1992/?cate_no=122&display_group=1,BLU-RAY / The Painted Veil  LE (700 NUMBERED),14.79
https://novamnm.com/product/blu-ray-april-story-plain-edition/1377/?cate_no=122&display_group=1,BLU-RAY / APRIL STORY (PLAIN EDITION),13.79
https://novamnm.com/product/blu-ray-wanee-junah-lenticular-full-slip-le-600-numbered/1515/?cate_no=122&display_group=1,BLU-RAY / WANEE & JUNAH LENTICULAR FULL SLIP LE (600 NUMBERED),15.79
https://novamnm.com/product/blu-ray-heart-of-dragon-photo-card-4ea-777-numbered/1590/?cate_no=122&display_group=1,BLU-RAY / HEART OF DRAGON (PHOTO CARD 4EA + 777 NUMBERED),12.19
https://novamnm.com/product/blu-ray-wanee-junah-full-slip-le-600-numbered/1514/?cate_no=122&display_group=1,BLU-RAY / WANEE & JUNAH FULL SLIP LE (600 NUMBERED),14.79
https://novamnm.com/product/blu-ray-12-strong-full-slip-non-numbered/1382/?cate_no=122&display_group=1,BLU-RAY / 12 STRONG FULL SLIP (NON NUMBERED),13.79
https://novamnm.com/product/blu-ray-iron-monkey-2k-remastered-photo-card-4ea-777-numbered/1589/?cate_no=122&display_group=1,BLU-RAY / IRON MONKEY 2K REMASTERED (PHOTO CARD 4EA + 777 NUMBERED),12.19
https://novamnm.com/product/blu-ray-i-can-speak-plain-edition/1468/?cate_no=122&display_group=1,BLU-RAY / I CAN SPEAK (PLAIN EDITION),13.79
https://novamnm.com/product/dredd2d3d-pet-slip-black-edition-ne-8/220/?cate_no=122&display_group=1,DREDD(2D+3D) PET SLIP BLACK EDITION (NE #8),20.39
https://novamnm.com/product/blu-ray-one-armed-swordsman-full-slip/1549/?cate_no=122&display_group=1,BLU-RAY / One-Armed Swordsman Full-slip,11.69
https://novamnm.com/product/blu-ray-encounters-of-the-spooky-kind-2k-remastering/2515/?cate_no=122&display_group=1,BLU-RAY / ENCOUNTERS OF THE SPOOKY KIND 2K remastering,11.69
https://novamnm.com/product/blu-ray-the-terrorizers-1000-numbered-le/2212/?cate_no=122&display_group=1,"BLU-RAY / The Terrorizers (1,000 NUMBERED LE)",14.79
https://novamnm.com/product/blu-ray-dragons-forever-4k-remastering/2445/?cate_no=122&display_group=1,BLU-RAY / Dragons Forever 4K Remastering,11.69
https://novamnm.com/product/blu-ray-new-dragon-inn/2217/?cate_no=122&display_group=1,BLU-RAY / New Dragon Inn,13.79
https://novamnm.com/product/a-brighter-summer-day-one-click-box-setne20/1391/?cate_no=122&display_group=1,A BRIGHTER SUMMER DAY ONE-CLICK BOX SET(NE#20),66.29
https://novamnm.com/product/blu-ray-na13-amylenticular-full-slip-limited-edition-700-numbered/184/?cate_no=122&display_group=1,BLU-RAY / NA#13 AMY_LENTICULAR FULL SLIP LIMITED EDITION (700 NUMBERED),17.29
https://novamnm.com/product/a-brighter-summer-day-full-slip-a-ne20/1390/?cate_no=122&display_group=1,A BRIGHTER SUMMER DAY FULL SLIP A (NE#20),18.89
https://novamnm.com/product/blu-ray-ashes-of-time-redux-plain-edition/2191/?cate_no=122&display_group=1,BLU-RAY / ASHES OF TIME REDUX (Plain Edition),13.79
https://novamnm.com/product/blu-ray-greenland700-numbered-le/2232/?cate_no=122&display_group=1,BLU-RAY / Greenland(700 NUMBERED LE),14.79
https://novamnm.com/product/blu-ray-once-upon-a-time-in-china-iii-4k-remastering/2360/?cate_no=122&display_group=1,BLU-RAY / Once Upon A Time In China III 4K Remastering,11.69
https://novamnm.com/product/blu-ray-na13-amyfull-slip-limited-edition-500-numbered/185/?cate_no=122&display_group=1,BLU-RAY / NA#13 AMY_FULL SLIP LIMITED EDITION (500 NUMBERED),16.79
https://novamnm.com/product/blu-ray-leon-4k-uhd-2d-bd/2061/?cate_no=122&display_group=1,BLU-RAY / LEON 4K UHD + 2D BD,21.39
https://novamnm.com/product/blu-ray-na12-sue-mai-sawa-righting-the-girl-ship-700-numbered/246/?cate_no=122&display_group=1,"BLU-RAY / NA#12 SUE, MAI & SAWA: RIGHTING THE GIRL SHIP (700 NUMBERED)",16.79
https://novamnm.com/product/blu-ray-unhinged-700-numbered-le/2233/?cate_no=122&display_group=1,BLU-RAY / Unhinged (700 NUMBERED LE),14.79
https://novamnm.com/product/dark-waters-steelbook-14-slip-ne30/2366/?cate_no=122&display_group=1,Dark Waters STEELBOOK 1/4 SLIP (NE#30),17.29
https://novamnm.com/product/blu-ray-once-upon-a-time-in-china-ii-4k-remastering/2359/?cate_no=122&display_group=1,BLU-RAY / Once Upon A Time In China II 4K Remastering,11.69
https://novamnm.com/product/blu-ray-terminator-2-judgment-day-4k-uhd3d/1708/?cate_no=122&display_group=1,BLU-RAY / TERMINATOR 2 ; JUDGMENT DAY (4K UHD+3D),21.39
https://novamnm.com/product/dark-waters-steelbook-lenticular-full-slip-ne30/2365/?cate_no=122&display_group=1,Dark Waters STEELBOOK LENTICULAR FULL SLIP (NE#30),19.39
https://novamnm.com/product/blu-ray-girls-und-panzer-das-finale-part1-and-part2-1000-numbered/2143/?cate_no=122&display_group=1,BLU-RAY / GIRLS und PANZER das FINALE Part1 and Part2 (1000 numbered),26.99
https://novamnm.com/product/blu-ray-na19-dangal-full-slip-le-700-numbered/1757/?cate_no=122&display_group=1,BLU-RAY / NA#19 DANGAL FULL SLIP LE (700 NUMBERED),16.79
https://novamnm.com/product/blu-ray-casino-raiders-plain-edition/2402/?cate_no=122&display_group=1,BLU-RAY / CASINO RAIDERS (plain edition),11.69
https://novamnm.com/product/blu-ray-once-upon-a-time-in-china-4k-remastering/2358/?cate_no=122&display_group=1,BLU-RAY / Once Upon A Time In China 4K Remastering,11.69
https://novamnm.com/product/dark-waters-steelbook-full-slip-ne30/2364/?cate_no=122&display_group=1,Dark Waters STEELBOOK FULL SLIP (NE#30),18.89
https://novamnm.com/product/blu-ray-na18-bungee-jumping-of-their-own-lenticular-full-slip-le-1000-/1457/?cate_no=122&display_group=1,"BLU-RAY / NA#18 BUNGEE JUMPING OF THEIR OWN LENTICULAR FULL SLIP LE (1,000 NUMBERED)",17.29
https://novamnm.com/product/blu-ray-1917-4k-uhd-bd-scanavo-full-slip/2424/?cate_no=122&display_group=1,BLU-RAY / 1917 4K UHD + BD SCANAVO FULL SLIP,21.39
https://novamnm.com/product/blu-ray-wrath-of-man-fullslip-700-numbered-le/2494/?cate_no=122&display_group=1,BLU-RAY / WRATH OF MAN FULLSLIP (700 NUMBERED LE),14.79
https://novamnm.com/product/blu-ray-from-beijing-with-love-plain-edition/2397/?cate_no=122&display_group=1,BLU-RAY / FROM BEIJING WITH LOVE plain edition,11.69
https://novamnm.com/product/dark-waters-steelbook-one-click-box-set-ne30/2363/?cate_no=122&display_group=1,Dark Waters  STEELBOOK ONE-CLICK BOX SET (NE#30),63.79
https://novamnm.com/product/blu-ray-wrath-of-man-lenticular-fullslip-700-numbered-le/2495/?cate_no=122&display_group=1,BLU-RAY / WRATH OF MAN LENTICULAR FULLSLIP (700 NUMBERED LE),15.79
https://novamnm.com/product/blu-ray-valerian-and-the-city-of-a-thousand-planets-full-slip-le-500-n/1215/?cate_no=122&display_group=1,BLU-RAY / VALERIAN AND THE CITY OF A THOUSAND PLANETS FULL SLIP LE (500 NUMBERED),14.79
https://novamnm.com/product/blu-ray-city-hunter-2k-remastered/1652/?cate_no=122&display_group=1,BLU-RAY / CITY HUNTER 2K REMASTERED,11.69
https://novamnm.com/product/once-steelbook-one-click-box-set-ne19/1318/?cate_no=122&display_group=1,ONCE STEELBOOK ONE-CLICK BOX SET (NE#19),66.29
https://novamnm.com/product/blu-ray-golden-garvest-013-tragic-hero-777-numbered/1779/?cate_no=122&display_group=1,BLU-RAY / GOLDEN GARVEST #013 TRAGIC HERO (777 NUMBERED),12.19
https://novamnm.com/product/blu-ray-my-sassy-girl-plain-edition/1931/?cate_no=122&display_group=1,BLU-RAY / MY SASSY GIRL (PLAIN EDITION),13.79
https://novamnm.com/product/the-grey-steelbook-14-slip-ne16/1155/?cate_no=122&display_group=1,THE GREY STEELBOOK 1/4 SLIP (NE#16),17.89
https://novamnm.com/product/blu-ray-midnight-runners-full-slip-le-1000-numbered/1438/?cate_no=122&display_group=1,"BLU-RAY / MIDNIGHT RUNNERS FULL SLIP LE (1,000 NUMBERED)",14.79
https://novamnm.com/product/blu-ray-golden-garvest-012-rich-and-famous-777-numbered/1778/?cate_no=122&display_group=1,BLU-RAY / GOLDEN GARVEST #012 RICH AND FAMOUS (777 NUMBERED),12.19
https://novamnm.com/product/blu-ray-secret-full-slip-bd/2132/?cate_no=122&display_group=1,BLU-RAY / Secret Full Slip BD,13.79
https://novamnm.com/product/the-grey-steelbook-lenticular-full-slip-ne16/1157/?cate_no=122&display_group=1,THE GREY STEELBOOK LENTICULAR FULL SLIP (NE#16),18.89
https://novamnm.com/product/blu-ray-farewell-my-concubine-full-slip-bd/2083/?cate_no=122&display_group=1,BLU-RAY / Farewell my concubine Full slip BD,13.79
https://novamnm.com/product/blu-ray-project-a1-2k-remastered/1815/?cate_no=122&display_group=1,BLU-RAY / PROJECT A1 2K REMASTERED,11.69
https://novamnm.com/product/blu-ray-the-upside-full-slip-le-700-numbered/2163/?cate_no=122&display_group=1,BLU-RAY / The Upside Full Slip LE (700 numbered),14.79
https://novamnm.com/product/the-grey-steelbook-full-slip-ne16/1156/?cate_no=122&display_group=1,THE GREY STEELBOOK FULL SLIP (NE#16),18.39
https://novamnm.com/product/blu-ray-project-a2-2k-remastered/1816/?cate_no=122&display_group=1,BLU-RAY / PROJECT A2 2K REMASTERED,11.69
https://novamnm.com/product/blu-ray-eat-drink-man-woman-full-slip-bd/2068/?cate_no=122&display_group=1,BLU-RAY / Eat Drink Man Woman Full Slip BD,13.79
https://novamnm.com/product/blu-ray-ten-years-japan-full-slip-le-600-numbered/2160/?cate_no=122&display_group=1,BLU-RAY / Ten Years Japan Full Slip LE (600 numbered),14.79
https://novamnm.com/product/blu-ray-perfume-the-story-of-a-murderer-plain-edition/2056/?cate_no=122&display_group=1,BLU-RAY / Perfume: The Story of a Murderer Plain Edition,13.79
https://novamnm.com/product/the-grey-steelbook-one-click-box-set-ne16/1158/?cate_no=122&display_group=1,THE GREY STEELBOOK ONE-CLICK BOX SET (NE#16),63.79
https://novamnm.com/product/taken-steelbook-14-slip-ne21/1420/?cate_no=122&display_group=1,TAKEN STEELBOOK 1/4 SLIP (NE#21),17.89
https://novamnm.com/product/blu-ray-amelie-plain-edition/2055/?cate_no=122&display_group=1,BLU-RAY /Amelie Plain Edition,13.79
https://novamnm.com/product/taken-steelbook-full-slip-ne21/1422/?cate_no=122&display_group=1,TAKEN STEELBOOK FULL SLIP (NE#21),18.39
https://novamnm.com/product/blu-ray-king-of-beggars-plain-edition/2173/?cate_no=122&display_group=1,BLU-RAY / KING OF BEGGARS (Plain Edition),11.69
https://novamnm.com/product/blu-ray-the-miseducation-of-cameron-post-full-slip-le-600-numbered/2152/?cate_no=122&display_group=1,BLU-RAY / The Miseducation of Cameron Post Full Slip LE (600 numbered),14.79
https://novamnm.com/product/blu-ray-hustlers-le-600-numbered/2027/?cate_no=122&display_group=1,BLU-RAY / Hustlers  LE (600 NUMBERED),14.79
https://novamnm.com/product/blu-ray-zu-warriors-from-the-magic-mountain-2k-remastered/2071/?cate_no=122&display_group=1,BLU-RAY /Zu: Warriors from the Magic Mountain 2K REMASTERED,11.69
https://novamnm.com/product/blu-ray-golden-garvest-014-tricky-brains-777-numbered/1835/?cate_no=122&display_group=1,BLU-RAY / GOLDEN GARVEST #014 Tricky Brains (777 NUMBERED),12.19
https://novamnm.com/product/blu-ray-homestay-le-600-numbered/2078/?cate_no=122&display_group=1,BLU-RAY / Homestay LE (600 NUMBERED),14.79
https://novamnm.com/product/once-steelbook-full-slip-a-ne19/1317/?cate_no=122&display_group=1,ONCE STEELBOOK FULL SLIP A (NE#19),18.89
https://novamnm.com/product/blu-ray-mollys-game-lenticular-full-slip-le-700-numbered/1610/?cate_no=122&display_group=1,BLU-RAY / Molly's Game LENTICULAR FULL SLIP LE (700 NUMBERED),15.79
https://novamnm.com/product/alice-through-the-looking-glass-lenticular-slip-nc14-200-numbered/740/?cate_no=122&display_group=1,ALICE THROUGH THE LOOKING GLASS LENTICULAR SLIP NC#14 (200 NUMBERED),25
https://novamnm.com/product/blu-ray-john-wick-chapter-3-parabellum-full-slip-plain-edition/2009/?cate_no=122&display_group=1,BLU-RAY /John Wick: Chapter 3 - Parabellum FULL SLIP (PLAIN EDITION),13.79
https://novamnm.com/product/blu-ray-taipei-story-plain-edition/2554/?cate_no=122&display_group=1,BLU-RAY / TAIPEI STORY (plain edition),13.79
https://novamnm.com/product/blu-ray-step-up-iii-box/1874/?cate_no=122&display_group=1,BLU-RAY / Step Up I.II box,18.89
https://novamnm.com/product/blu-ray-cliffhanger-4k-remastering/1955/?cate_no=122&display_group=1,BLU-RAY / Cliffhanger 4K remastering,16.29
https://novamnm.com/product/blu-ray-breathe-lenticular-full-slip-le-700-numbered/1419/?cate_no=122&display_group=1,BLU-RAY / BREATHE LENTICULAR FULL SLIP LE (700 NUMBERED),15.79
https://novamnm.com/product/blu-ray-midnight-sun-full-slip-a-include-lenti/1542/?cate_no=122&display_group=1,BLU-RAY / Midnight Sun Full-slip A (include Lenti),14.29
https://novamnm.com/product/blu-ray-chicago-full-slip-plain-edition/1990/?cate_no=122&display_group=1,BLU-RAY / Chicago Full Slip Plain Edition,14.79
https://novamnm.com/product/blu-ray-midnight-sun-full-slip-b-include-lenti/1543/?cate_no=122&display_group=1,BLU-RAY / Midnight Sun Full-slip B (include Lenti),14.29
https://novamnm.com/product/blu-ray-american-psycho-plain-edition/2177/?cate_no=122&display_group=1,BLU-RAY / American Psycho (Plain Edition),15.29
https://novamnm.com/product/blu-ray-crash-plain-edition/2178/?cate_no=122&display_group=1,BLU-RAY / Crash (Plain Edition),15.29
https://novamnm.com/product/blu-ray-fearless-hyena-photo-card-8ea-777-copies-numbered/182/?cate_no=122&display_group=1,BLU-RAY / FEARLESS HYENA (PHOTO CARD 8EA + 777 COPIES NUMBERED),12.19
https://novamnm.com/product/blu-ray-organ-in-my-heart-plain-edition/1088/?cate_no=122&display_group=1,BLU-RAY / ORGAN IN MY HEART (PLAIN EDITION),15.29
https://novamnm.com/product/blu-ray-the-current-war-directors-cut-first-release-limited-edition/2126/?cate_no=122&display_group=1,BLU-RAY / THE CURRENT WAR director's cut (first release limited edition),16.29
https://novamnm.com/product/blu-ray-the-secret-of-green-papaya-plain-edition/1044/?cate_no=122&display_group=1,BLU-RAY / THE SECRET OF GREEN PAPAYA (plain edition),17.89
https://novamnm.com/product/blu-ray-armour-of-god-collection-plain-edition/198/?cate_no=122&display_group=1,BLU-RAY / ARMOUR OF GOD COLLECTION PLAIN EDITION,19.39
https://novamnm.com/product/blu-ray-full-throttle-photo-card-8ea-777-copies-numbered/183/?cate_no=122&display_group=1,BLU-RAY / FULL THROTTLE (PHOTO CARD 8EA + 777 COPIES NUMBERED),12.19
https://novamnm.com/product/blu-ray-ing-plain-edition/2468/?cate_no=122&display_group=1,BLU-RAY / ...ING plain edition,17.89
https://novamnm.com/product/blu-ray-the-passion-of-the-christ-limited-first-edition/2091/?cate_no=122&display_group=1,BLU-RAY / The Passion Of The Christ Limited First Edition,16.29
https://novamnm.com/product/blu-ray-a-better-tomorrow-trilogy-plain-edition/200/?cate_no=122&display_group=1,BLU-RAY / A BETTER TOMORROW TRILOGY PLAIN EDITION,25.49
https://novamnm.com/product/blu-ray-hamburger-hill-1-disc-first-limited-edition/2106/?cate_no=122&display_group=1,"BLU-RAY /  Hamburger Hill (1 Disc, First Limited Edition)",16.29
https://novamnm.com/product/blu-ray-tremors-2-aftershocks-plain-edition/2540/?cate_no=122&display_group=1,BLU-RAY / Tremors 2 Aftershocks (Plain edition),14.79
https://novamnm.com/product/blu-ray-knowing-first-release-le/2080/?cate_no=122&display_group=1,BLU-RAY / Knowing First Release LE,16.29
https://novamnm.com/product/blu-ray-in-the-fade-full-slip-le/2047/?cate_no=122&display_group=1,BLU-RAY / In the Fade FULL SLIP LE,16.29
https://novamnm.com/product/blu-ray-the-young-master-photo-card-8ea-777-copies-numbered/232/?cate_no=122&display_group=1,BLU-RAY / THE YOUNG MASTER (PHOTO CARD 8EA + 777 COPIES NUMBERED),12.19
https://novamnm.com/product/blu-ray-zoe-le/2046/?cate_no=122&display_group=1,BLU-RAY / Zoe LE,14.79
https://novamnm.com/product/blu-ray-open-season-plain-edition/2542/?cate_no=122&display_group=1,BLU-RAY / Open Season (Plain edition),11.19
https://novamnm.com/product/blu-ray-black-mask-i-ii-digipack-limited-edition-777-copies-numbered/207/?cate_no=122&display_group=1,"BLU-RAY / BLACK MASK I, II DIGIPACK LIMITED EDITION (777 COPIES NUMBERED)",20.39
https://novamnm.com/product/blu-ray-the-muppets-take-manhattan-plain-edition/2543/?cate_no=122&display_group=1,BLU-RAY / The Muppets Take Manhattan (Plain edition),11.19
https://novamnm.com/product/blu-ray-angel-has-fallen-full-slip-le-500-numbered/2014/?cate_no=122&display_group=1,BLU-RAY / Angel Has Fallen FULL SLIP LE (500 NUMBERED),14.29
https://novamnm.com/product/blu-ray-27-dresses-plain-edition/2544/?cate_no=122&display_group=1,BLU-RAY / 27 Dresses (Plain edition),11.19
https://novamnm.com/product/blu-ray-days-of-being-wild-%E9%98%BF%E9%A3%9B%E6%AD%A3%E5%82%B3-guide-book-limited-edition/315/?cate_no=122&display_group=1,BLU-RAY / DAYS OF BEING WILD (阿飛正傳) + GUIDE BOOK LIMITED EDITION,15.29
https://novamnm.com/product/blu-ray-the-wheels-on-meals-plain-edition/253/?cate_no=122&display_group=1,BLU-RAY / THE WHEELS ON MEALS PLAIN EDITION,12.19
https://novamnm.com/product/blu-ray-john-wick-2-full-slip-plain-edition/973/?cate_no=122&display_group=1,BLU-RAY / JOHN WICK 2 - FULL SLIP (PLAIN EDITION),13.79
https://novamnm.com/product/blu-ray-generals-son-trilogy4k-remastered-box-set-le/1622/?cate_no=122&display_group=1,BLU-RAY / GENERAL'S SON TRILOGY(4K REMASTERED) BOX-SET LE,46.39
https://novamnm.com/product/blu-ray-police-story-trilogy-plain-edition/332/?cate_no=122&display_group=1,BLU-RAY / POLICE STORY TRILOGY PLAIN EDITION,25.49
https://novamnm.com/product/blu-ray-kung-fu-panda-2-plain-edition/2546/?cate_no=122&display_group=1,BLU-RAY / Kung Fu Panda 2 (Plain edition),14.79
https://novamnm.com/product/blu-ray-the-ninth-gate-first-limited-edition/2076/?cate_no=122&display_group=1,BLU-RAY / The Ninth Gate first limited edition,16.29
https://novamnm.com/product/blu-ray-stomp-the-yard-plain-edition/2545/?cate_no=122&display_group=1,BLU-RAY / Stomp The Yard (Plain edition),11.19
https://novamnm.com/product/blu-ray-as-tears-go-by-guide-book-limited-edition/317/?cate_no=122&display_group=1,BLU-RAY / AS TEARS GO BY + GUIDE BOOK LIMITED EDITION,15.29
https://novamnm.com/product/blu-ray-fastest-plain-edition/2547/?cate_no=122&display_group=1,BLU-RAY / Fastest (Plain edition),14.79
https://novamnm.com/product/blu-ray-showgirls-4k-remastering-le/2036/?cate_no=122&display_group=1,BLU-RAY / Showgirls 4K Remastering LE,16.29
https://novamnm.com/product/blu-ray-immortal-beloved-lenticular-1000-numbered/1560/?cate_no=122&display_group=1,"BLU-RAY / Immortal Beloved Lenticular (1,000 Numbered)",18.89
https://novamnm.com/product/blu-ray-equilibrium-plain-edition/2421/?cate_no=122&display_group=1,BLU-RAY / EQUILIBRIUM Plain Edition,16.29
https://novamnm.com/product/blu-ray-a-chinese-ghost-story-trilogy-plain-edition/331/?cate_no=122&display_group=1,BLU-RAY / A CHINESE GHOST STORY TRILOGY PLAIN EDITION,25.49
https://novamnm.com/product/blu-ray-lock-stock-and-two-smoking-barrels-le/2058/?cate_no=122&display_group=1,"BLU-RAY / Lock, Stock And Two Smoking Barrels LE",16.29
https://novamnm.com/product/blu-ray-the-killer-plain-edition/333/?cate_no=122&display_group=1,BLU-RAY / THE KILLER PLAIN EDITION,12.19
https://novamnm.com/product/blu-ray-gloomy-sunday-plain-edition/2422/?cate_no=122&display_group=1,BLU-RAY / Gloomy Sunday (PLAIN EDITION),13.79
https://novamnm.com/product/blu-ray-miracle-plain-edition/334/?cate_no=122&display_group=1,BLU-RAY / MIRACLE PLAIN EDITION,12.19
https://novamnm.com/product/blu-ray-neverland-le-500-numbered/992/?cate_no=122&display_group=1,BLU-RAY / NEVERLAND LE (500 NUMBERED),15.29
https://novamnm.com/product/blu-ray-the-boy-in-the-striped-pajamas-plain-edition/2242/?cate_no=122&display_group=1,BLU-RAY / The Boy In The Striped Pajamas (Plain Edition),13.79
https://novamnm.com/product/blu-ray-selma-limited-edition/242/?cate_no=122&display_group=1,BLU-RAY / SELMA LIMITED EDITION,15.29
https://novamnm.com/product/blu-ray-once-upon-a-time-in-china-plain-edition/344/?cate_no=122&display_group=1,BLU-RAY / ONCE UPON A TIME IN CHINA PLAIN EDITION,25.49
https://novamnm.com/product/blu-ray-swords-man-i-ii-plain-edition/453/?cate_no=122&display_group=1,"BLU-RAY / SWORDS MAN I, II (PLAIN EDITION)",19.39
https://novamnm.com/product/blu-ray-swimming-pool-1disc-full-slip/2462/?cate_no=122&display_group=1,"BLU-RAY / Swimming Pool (1Disc, Full Slip)",14.79
https://novamnm.com/product/blu-ray-nine-scanavo-case-out-case-booklet36p-art-card6ea-le-1000-copi/277/?cate_no=122&display_group=1,"BLU-RAY / NINE (SCANAVO CASE + OUT CASE + BOOKLET(36P) + ART CARD(6EA)) LE (1,000 COPIES NUMBERED)",17.29
https://novamnm.com/product/blu-ray-open-your-eyes-1disc-full-slip/2463/?cate_no=122&display_group=1,"BLU-RAY / Open Your Eyes (1Disc, Full Slip)",14.79
https://novamnm.com/product/blu-ray-the-dressmaker-500-numbered-le-34p-booklet-post-cards-5ea-char/186/?cate_no=122&display_group=1,BLU-RAY / THE DRESSMAKER 500 NUMBERED LE (34P BOOKLET + POST CARDS 5EA + CHARACTER CARD 5EA),15.29
https://novamnm.com/product/blu-ray-dogtooth-full-slip-le/1174/?cate_no=122&display_group=1,BLU-RAY / DOGTOOTH FULL SLIP LE,16.29
https://novamnm.com/product/blu-ray-see-you-up-there-1-disc/2522/?cate_no=122&display_group=1,BLU-RAY / See You Up There (1 Disc),14.79
https://novamnm.com/product/blu-ray-love-actually-uncut-ver-full-slip-plain-edition/199/?cate_no=122&display_group=1,BLU-RAY / LOVE ACTUALLY UNCUT VER. - FULL SLIP (PLAIN EDITION),13.79
https://novamnm.com/product/blu-ray-dragon-lordphoto-card-8ea-777-copies-numbered/496/?cate_no=122&display_group=1,BLU-RAY / DRAGON LORD(PHOTO CARD 8EA + 777 COPIES NUMBERED),12.19
https://novamnm.com/product/blu-ray-fist-of-fury-4k-remastered-full-slip/557/?cate_no=122&display_group=1,BLU-RAY / FIST OF FURY 4K REMASTERED FULL SLIP,10.19
https://novamnm.com/product/blu-ray-swordsman-plain-edition/345/?cate_no=122&display_group=1,BLU-RAY / SWORDSMAN PLAIN EDITION,12.19
https://novamnm.com/product/blu-ray-galaxy-express-999-i-ii-2-disc-scanavo-case/520/?cate_no=122&display_group=1,"BLU-RAY / GALAXY EXPRESS 999 I, II (2 DISC + SCANAVO CASE)",15.29
https://novamnm.com/product/insidious-steelbook-lenticular-full-slip-ne22/1520/?cate_no=122&display_group=1,INSIDIOUS STEELBOOK LENTICULAR FULL SLIP (NE#22),18.89
https://novamnm.com/product/blu-ray-qt8-the-first-eight-full-slip-le-700-numbered/2007/?cate_no=122&display_group=1,BLU-RAY / QT8 :  The First Eight FULL SLIP LE (700 NUMBERED),14.79
https://novamnm.com/product/blu-ray-wild-rose-le-700-numbered/2003/?cate_no=122&display_group=1,BLU-RAY / Wild Rose LE (700 NUMBERED),14.79
https://novamnm.com/product/blu-ray-the-bride-with-white-hair-12-double-pack-ls1000-numbered/2203/?cate_no=122&display_group=1,"BLU-RAY / THE BRIDE WITH WHITE HAIR 1,2 double pack LS(1000 NUMBERED)",27.49
https://novamnm.com/product/blu-ray-border-full-slip-le-700-numbered/1982/?cate_no=122&display_group=1,BLU-RAY / BORDER FULL SLIP LE (700 NUMBERED),14.79
https://novamnm.com/product/a-brighter-summer-day-14-slip-ne20/1387/?cate_no=122&display_group=1,A BRIGHTER SUMMER DAY 1/4 SLIP (NE#20),17.29
https://novamnm.com/product/blu-ray-first-love-a-litter-on-the-breeze-plain-edition/2415/?cate_no=122&display_group=1,BLU-RAY / First Love: A Litter On The Breeze Plain Edition,13.79
https://novamnm.com/product/insidious-steelbook-full-slip-ne22/1521/?cate_no=122&display_group=1,INSIDIOUS STEELBOOK FULL SLIP (NE#22),18.39
https://novamnm.com/product/blu-ray-the-eagle-shooting-heroes-plain-edition/2398/?cate_no=122&display_group=1,BLU-RAY / THE EAGLE SHOOTING HEROES plain edition,13.79
https://novamnm.com/product/blu-ray-the-bride-with-white-hair-12-double-pack-fs1000-numbered/2204/?cate_no=122&display_group=1,"BLU-RAY / THE BRIDE WITH WHITE HAIR 1,2 double pack FS(1000 NUMBERED)",26.99
https://novamnm.com/product/blu-ray-the-courier-700-numbered-le/2483/?cate_no=122&display_group=1,BLU-RAY / The Courier (700 NUMBERED LE),14.79
https://novamnm.com/product/blu-ray-judy-700-numbered-le/2208/?cate_no=122&display_group=1,BLU-RAY / Judy (700 NUMBERED LE),14.79
https://novamnm.com/product/a-brighter-summer-day-lenticular-full-slip-ne20/1388/?cate_no=122&display_group=1,A BRIGHTER SUMMER DAY LENTICULAR FULL SLIP (NE#20),19.39
https://novamnm.com/product/blu-ray-a-one-and-a-two-plain-edition/2237/?cate_no=122&display_group=1,BLU-RAY / A One and a Two plain edition,13.79
https://novamnm.com/product/blu-ray-mr-vampire-2k-remastered/2240/?cate_no=122&display_group=1,BLU-RAY / MR. VAMPIRE (2K remastered),11.69
https://novamnm.com/product/blu-ray-christmas-in-august-full-slip/212/?cate_no=122&display_group=1,BLU-RAY / CHRISTMAS IN AUGUST - FULL SLIP,10.19
https://novamnm.com/product/blu-ray-a-better-tomorrow-4k-remastered-full-slip/566/?cate_no=122&display_group=1,BLU-RAY / A BETTER TOMORROW 4K REMASTERED FULL SLIP,10.19
https://novamnm.com/product/blu-ray-a-tale-of-two-sisters-full-slip/213/?cate_no=122&display_group=1,BLU-RAY / A TALE OF TWO SISTERS - FULL SLIP,10.19
https://novamnm.com/product/a-brighter-summer-day-full-slip-b-ne20/1389/?cate_no=122&display_group=1,A BRIGHTER SUMMER DAY FULL SLIP B (NE#20),18.89
https://novamnm.com/product/blu-ray-1917-plain-edition/2347/?cate_no=122&display_group=1,BLU-RAY / 1917 plain edition,13.79
https://novamnm.com/product/blu-ray-insurgent-700-copies-le-2d3d-compatible-16p-booklet-post-cards/252/?cate_no=122&display_group=1,"BLU-RAY / INSURGENT 700 COPIES LE (2D,3D COMPATIBLE, 16P BOOKLET + POST CARDS 5EA + CHARACTER CARD 5EA)",15.29
https://novamnm.com/product/blu-ray-the-last-witch-hunter-700-numbered-le-16p-booklet-post-cards-4/245/?cate_no=122&display_group=1,BLU-RAY / THE LAST WITCH HUNTER 700 NUMBERED LE (16P BOOKLET + POST CARDS 4EA + CHARACTER CARD 4EA),15.29
https://novamnm.com/product/blu-ray-the-big-boss-4k-remastered-full-slip/600/?cate_no=122&display_group=1,BLU-RAY / THE BIG BOSS 4K REMASTERED FULL SLIP,10.19
https://novamnm.com/product/blu-ray-dragon-tiger-gate/319/?cate_no=122&display_group=1,BLU-RAY / DRAGON TIGER GATE,11.69
https://novamnm.com/product/blu-ray-sex-and-zen-1991-photo-card-8ea-777-copies-numbered/614/?cate_no=122&display_group=1,BLU-RAY / SEX AND ZEN 1991 (PHOTO CARD 8EA + 777 COPIES NUMBERED),12.19
https://novamnm.com/product/blu-ray-the-pianist-full-slip-plain-edition/254/?cate_no=122&display_group=1,BLU-RAY / THE PIANIST - FULL SLIP (PLAIN EDITION),13.79
https://novamnm.com/product/blu-ray-millionaires-expressphoto-card-8ea-777-copies-numbered/615/?cate_no=122&display_group=1,BLU-RAY / MILLIONAIRE'S EXPRESS(PHOTO CARD 8EA + 777 COPIES NUMBERED),12.19
https://novamnm.com/product/blu-raygladiators-animation/383/?cate_no=122&display_group=1,BLU-RAY/GLADIATORS (ANIMATION),11.69
https://novamnm.com/product/blu-ray-the-expendables-3-700-copies-le-16p-booklet-post-cards-4ea-cha/269/?cate_no=122&display_group=1,BLU-RAY / THE EXPENDABLES 3 700 COPIES LE (16P BOOKLET + POST CARDS 4EA + CHARACTER CARD 4EA),15.29
https://novamnm.com/product/blu-ray-the-signal-700-copies-le-16p-booklet-post-cards-4ea-poster-car/270/?cate_no=122&display_group=1,BLU-RAY / THE SIGNAL 700 COPIES LE (16P BOOKLET + POST CARDS 4EA + POSTER CARD 4EA),15.29
https://novamnm.com/product/blu-ray-leon-theatrical-ver-directors-ver/514/?cate_no=122&display_group=1,BLU-RAY / LEON THEATRICAL VER. + DIRECTORS VER.,13.79
https://novamnm.com/product/blu-ray-game-of-death-4k-remastered-full-slip/734/?cate_no=122&display_group=1,BLU-RAY / GAME OF DEATH 4K REMASTERED FULL SLIP,10.19
https://novamnm.com/product/blu-ray-transcendence-700-copies-numbered-le-16p-booklet-photo-cards/294/?cate_no=122&display_group=1,BLU-RAY / TRANSCENDENCE 700 COPIES NUMBERED LE (16P BOOKLET + PHOTO CARDS),15.29
https://novamnm.com/product/blu-ray-happy-end-plain-edition/601/?cate_no=122&display_group=1,BLU-RAY / HAPPY END PLAIN EDITION,13.79
https://novamnm.com/product/blu-ray-golden-harvest-003-last-hero-in-china-777-numbered/920/?cate_no=122&display_group=1,BLU-RAY / GOLDEN HARVEST #003 LAST HERO IN CHINA (777 NUMBERED),12.19
https://novamnm.com/product/blu-ray-a-bittersweet-life-plain-edition/685/?cate_no=122&display_group=1,BLU-RAY / A BITTERSWEET LIFE (PLAIN EDITION),13.79
https://novamnm.com/product/blu-ray-the-way-of-the-dragon-4k-remastered-full-slip/733/?cate_no=122&display_group=1,BLU-RAY / THE WAY OF THE DRAGON 4K REMASTERED FULL SLIP,10.19
https://novamnm.com/product/blu-ray-chinese-zodiac-digipack-contibook-le/318/?cate_no=122&display_group=1,BLU-RAY / CHINESE ZODIAC DIGIPACK + CONTIBOOK LE,10.69
https://novamnm.com/product/blu-ray-golden-harvest-005-god-of-gamblers-3-back-to-shanghai-777-numb/1011/?cate_no=122&display_group=1,BLU-RAY / GOLDEN HARVEST #005 GOD OF GAMBLERS 3 : BACK TO SHANGHAI (777 NUMBERED),12.19
https://novamnm.com/product/blu-ray-ju-dou-director-yimou-zhang/811/?cate_no=122&display_group=1,BLU-RAY / JU DOU (DIRECTOR - YIMOU ZHANG),12.79
https://novamnm.com/product/blu-ray-golden-harvest-007-casino-raiders-the-sequel-777-numbered/1041/?cate_no=122&display_group=1,BLU-RAY / GOLDEN HARVEST #007 CASINO RAIDERS - THE SEQUEL (777 NUMBERED),12.19
https://novamnm.com/product/blu-ray-criminal-500-numbered-le-16p-booklet-postcards-5ea-character-c/572/?cate_no=122&display_group=1,BLU-RAY / CRIMINAL 500 NUMBERED LE (16P BOOKLET + POSTCARDS 5EA + CHARACTER CARD 5EA),15.29
https://novamnm.com/product/blu-ray-cyrano-agency-plain-edition/1079/?cate_no=122&display_group=1,BLU-RAY / CYRANO AGENCY (PLAIN EDITION),8.69
https://novamnm.com/product/blu-ray-once-a-thief-plain-edition/1061/?cate_no=122&display_group=1,BLU-RAY / ONCE A THIEF (PLAIN EDITION),11.69
https://novamnm.com/product/blu-ray-allegiant-700-copies-le-16p-booklet-post-cards-6ea-character-c/588/?cate_no=122&display_group=1,BLU-RAY / ALLEGIANT 700 COPIES LE (16P BOOKLET + POST CARDS 6EA + CHARACTER CARD 5EA),15.29
https://novamnm.com/product/blu-ray-doubt-700-copies-limited-edition-bddvd-digipack/367/?cate_no=122&display_group=1,BLU- RAY / DOUBT 700 COPIES LIMITED EDITION (BD+DVD DIGIPACK),14.79
https://novamnm.com/product/blu-ray-the-concubine-plain-edition/1080/?cate_no=122&display_group=1,BLU-RAY / THE CONCUBINE (PLAIN EDITION),8.69
https://novamnm.com/product/blu-ray-no-escape-700-copies-le-16p-booklet-post-cards-3ea-character-c/210/?cate_no=122&display_group=1,BLU-RAY / NO ESCAPE 700 COPIES LE (16P BOOKLET + POST CARDS 3EA + CHARACTER CARD 3EA),15.29
